,UnemploymentRate,InflationRateYoY,GDPGrowthYoY,FederalFundsRate,RealInterestRate,ConsumerSentiment,EconomicStressIndex,PolicyPressureScore,RecessionRiskScore
UnemploymentRate,1,0.076510826,-0.183910833,0.052711676,-0.008903776,-0.347040254,0.522408663,0.151306098,0.535619397
InflationRateYoY,0.076510826,1,0.569089404,0.702456199,-0.097478104,-0.505338224,0.823597678,0.868867918,0.750973928
GDPGrowthYoY,-0.183910833,0.569089404,1,0.53129124,0.12845136,0.039502929,0.42462063,0.465788032,0.193446441
FederalFundsRate,0.052711676,0.702456199,0.53129124,1,0.639863399,-0.129143769,0.813455278,0.852969099,0.795423299
RealInterestRate,-0.008903776,-0.097478104,0.12845136,0.639863399,1,0.365052841,0.248207332,0.254580529,0.301408102
ConsumerSentiment,-0.347040254,-0.505338224,0.039502929,-0.129143769,0.365052841,1,-0.453938551,-0.384413577,-0.473592879
EconomicStressIndex,0.522408663,0.823597678,0.42462063,0.813455278,0.248207332,-0.453938551,1,0.867549562,0.964175033
PolicyPressureScore,0.151306098,0.868867918,0.465788032,0.852969099,0.254580529,-0.384413577,0.867549562,1,0.845624267
RecessionRiskScore,0.535619397,0.750973928,0.193446441,0.795423299,0.301408102,-0.473592879,0.964175033,0.845624267,1